SELECT * FROM ApiResources;

SELECT * FROM ApiScopes;

SELECT * FROM Clients;

SELECT * FROM ClientScopes;

SELECT * FROM ClientSecrets;

-- CREATE DATABASE Measure;

USE Measure;

CREATE TABLE Measure.dbo.Units (
    Id uniqueidentifier NOT NULL,
    Display varchar(100) NOT NULL,
    Name varchar(100) NOT NULL,
    CONSTRAINT Units_PK PRIMARY KEY (Id)
);

CREATE TABLE Measure.dbo.Locations (
    Id uniqueidentifier NOT NULL,
    Display varchar(50) NOT NULL,
    Description varchar(250) NOT NULL,
    Longitude float NULL,
    Latitude float NULL,
    Floor int NULL,
    Created datetimeoffset NOT NULL,
    CONSTRAINT Locations_PK PRIMARY KEY (Id)
);

CREATE TABLE Measure.dbo.MeasurePoints (
    Id uniqueidentifier NOT NULL,
    Display varchar(100) NOT NULL,
    Max float DEFAULT 0 NOT NULL,
    Min float DEFAULT 0 NOT NULL,
    Unit uniqueidentifier NOT NULL,
    CONSTRAINT MeasurePoints_PK PRIMARY KEY (Id),
    CONSTRAINT MeasurePoints_Units_FK FOREIGN KEY (Unit) REFERENCES Measure.dbo.Units(Id) ON DELETE CASCADE ON UPDATE CASCADE
);

ALTER TABLE Measure.dbo.MeasurePoints ADD Location uniqueidentifier NULL;
ALTER TABLE Measure.dbo.MeasurePoints ADD CONSTRAINT MeasurePoints_Locations_FK FOREIGN KEY (Location) REFERENCES Measure.dbo.Locations(Id);

CREATE TABLE Measure.dbo.MeasureValues (
    Id uniqueidentifier NOT NULL,
    [Timestamp] datetimeoffset NOT NULL,
    Value float NOT NULL,
    Point uniqueidentifier NOT NULL,
    CONSTRAINT MeasureValues_PK PRIMARY KEY (Id),
    CONSTRAINT MeasureValues_MeasurePoints_FK FOREIGN KEY (Point) REFERENCES Measure.dbo.MeasurePoints(Id) ON DELETE CASCADE ON UPDATE CASCADE
);

CREATE INDEX MeasureValues_Timestamp_IDX ON Measure.dbo.MeasureValues ([Timestamp]);

CREATE TABLE Measure.dbo.BatteryStates (
	Id uniqueidentifier NOT NULL,
	[Timestamp] datetimeoffset NOT NULL,
	State bit NOT NULL,
	Point uniqueidentifier NOT NULL,
	CONSTRAINT BatteryStates_PK PRIMARY KEY (Id),
	CONSTRAINT BatteryStates_MeasurePoints_FK FOREIGN KEY (Point) REFERENCES Measure.dbo.MeasurePoints(Id)
);

CREATE TABLE Measure.dbo.PriorityStates (
	Id uniqueidentifier NOT NULL,
	[Timestamp] datetimeoffset NOT NULL,
	State bit NOT NULL,
	Point uniqueidentifier NOT NULL,
	CONSTRAINT PriorityStates_PK PRIMARY KEY (Id),
	CONSTRAINT PriorityStates_MeasurePoints_FK FOREIGN KEY (Point) REFERENCES Measure.dbo.MeasurePoints(Id)
);

CREATE TABLE Measure.dbo.ActiveMeasurePoints (
	Id uniqueidentifier NOT NULL,
	IsActive bit NOT NULL,
	LastValue float NOT NULL,
	Updated datetimeoffset NOT NULL,
	Point uniqueidentifier NOT NULL,
	CONSTRAINT ActiveMeasurePoints_PK PRIMARY KEY (Id),
	CONSTRAINT ActiveMeasurePoints_MeasurePoints_FK FOREIGN KEY (Point) REFERENCES Measure.dbo.MeasurePoints(Id)
);


INSERT INTO Measure.dbo.Locations (Id,Display,Description,Longitude,Latitude,Floor,Created) VALUES 
('08932E10-CC40-4169-ABB9-134374970031','Keller','Scheiblerstr. 111',6.602869,51.349884,-1,'2019-03-18 11:05:33.0289319 +00:00')
,('0AD9B7A6-F1C5-46FB-844D-257E6B587106','Schlafzimmer','Scheiblerstr. 111',6.602869,51.349884,0,'2019-03-18 11:01:35.6413772 +00:00')
,('CBED0495-14CF-4192-962F-2D05ED82059F','Kinderzimmer','Scheiblerstr. 111',6.602869,51.349884,0,'2019-03-18 11:03:01.5075183 +00:00')
,('0A39EABC-ED42-48C6-9938-5F0B8855FE88','Büro','Scheiblerstr. 111',6.602869,51.349884,0,'2019-03-18 11:02:14.9780628 +00:00')
,('DF8A8841-C8E1-438C-982C-77D141EF1D80','Wohnzimmer','Scheiblerstr. 111',6.602869,51.349884,0,'2019-03-18 11:01:23.1971835 +00:00')
,('7D3AB857-59BC-48E6-8019-7B1D5BA29F41','Terrasse','Terrasse im Garten',6.602869,51.349884,0,'2019-03-18 09:17:19.2072878 +00:00')
,('0AF80ED8-BB47-4E78-8D8A-803048253ED0','Bad','Scheiblerstr. 111',6.602869,51.349884,0,'2019-03-18 11:01:59.3637256 +00:00')
,('4641CBEC-CB2D-49FF-A405-AD8B7EA51F5B','Küche','Scheiblerstr. 111',6.602869,51.349884,0,'2019-03-18 11:02:07.2575648 +00:00')
,('4E98B6BD-D69A-4982-A8CC-D90011F1C898','Gäste WC','Scheiblerstr. 111',6.602869,51.349884,0,'2019-03-18 11:01:51.7184712 +00:00')
;

INSERT INTO Measure.dbo.Units (Id,Display,Name) VALUES 
('8CFF8D7B-00DB-42B2-B78D-057DAB5B5695','Signal','')
,('1B475C7F-CD64-4B0B-98F4-0DE5038936A4','NEQ1297587:1:BRIGHTNESS','')
,('86B0DC19-1CA5-41D7-BAF6-30B4B21D7931','Wert','')
,('FADBA535-E440-4F6C-BED6-6FEDA0C7FAD1','Spannung','V')
,('4E618495-240D-41F3-8B1A-736E1B48CEB8','Anzahl','Stück')
,('02A96032-2C2E-4B05-BE17-83A9D03250F4','Feinstaub PM10','µg/m³')
,('D079A693-4835-4BC1-BD6B-879485EB2174','Samples','')
,('1BF8EF7B-EA04-403F-A67B-88B472C10145','Feinstaub PM2.5','µg/m³')
,('934CE8D3-0DB9-4279-92BE-91997C49BBD8','Temperatur','°C')
,('6A13BD82-9B1D-4E22-B836-9A701C6D648D','MinMicro','')
;
INSERT INTO Measure.dbo.Units (Id,Display,Name) VALUES 
('4A9CB404-1193-45BC-8C52-AFC708EA2F9B','MaxMicro','')
,('52356656-C6A0-4C06-A585-BA8C0E97750E','Leistung','W')
,('574EFEB5-A708-46CD-A33F-C1CC6655DB55','Zustand','an/aus')
,('FC36426D-05AD-4837-BF78-C415D0705442','Öffnung','%')
,('3AF35BE7-5270-49E8-B8E9-C714FFB92307','Luftfeuchte','%')
,('DB5F325C-FE3C-4EBD-98E5-D55AD29E411F','Luftdruck','hPa')
;
INSERT INTO Measure.dbo.MeasurePoints (Id,Display,Max,Min,Unit,Location) VALUES 
('E964AC14-ECE9-40AF-8F9D-03D4C841ABDA','Fenster links',1,0,'627B8097-2D09-4D77-BFD9-620B9C5451F5','DF8A8841-C8E1-438C-982C-77D141EF1D80')
,('E983E0D4-1B5A-45C1-B71F-0647C0A0F685','Fenster rechts',1,0,'B5D104E2-F70D-4479-8106-729F346E458E','0AD9B7A6-F1C5-46FB-844D-257E6B587106')
,('8672AEF3-A80C-41E1-987C-0FB03419BB2E','Ventil',0,0,'FC36426D-05AD-4837-BF78-C415D0705442','DF8A8841-C8E1-438C-982C-77D141EF1D80')
,('FC7BDD17-ECB3-4A90-9FBC-1A8922BAB0F5','Türe rechts',1,0,'544A6BB4-7733-4238-B625-16936CE7735A','DF8A8841-C8E1-438C-982C-77D141EF1D80')
,('31B6FD9A-EBC3-456A-9CCF-1FBB2FEBA980','Bewegung',1,0,'574EFEB5-A708-46CD-A33F-C1CC6655DB55','7D3AB857-59BC-48E6-8019-7B1D5BA29F41')
,('02B2A124-FC09-4C53-9A81-203662B536C7','Fenster links',1,0,'544A6BB4-7733-4238-B625-16936CE7735A','0AD9B7A6-F1C5-46FB-844D-257E6B587106')
,('C3CB711E-9035-4C91-A6F9-24AA34718933','Fenster',1,0,'B5D104E2-F70D-4479-8106-729F346E458E','0AF80ED8-BB47-4E78-8D8A-803048253ED0')
,('8FA026A5-BA9F-476A-AB7F-27406C3CEA91','BMP180',0,0,'934CE8D3-0DB9-4279-92BE-91997C49BBD8','7D3AB857-59BC-48E6-8019-7B1D5BA29F41')
,('4AA7109F-D40B-486A-A731-277864031265','Fenster links',1,0,'B5D104E2-F70D-4479-8106-729F346E458E','CBED0495-14CF-4192-962F-2D05ED82059F')
,('21D1E5C7-33CB-4824-BDDA-2B55E4CEF801','Fenster rechts',1,0,'627B8097-2D09-4D77-BFD9-620B9C5451F5','CBED0495-14CF-4192-962F-2D05ED82059F')
;
INSERT INTO Measure.dbo.MeasurePoints (Id,Display,Max,Min,Unit,Location) VALUES 
('795F28B0-77ED-4A57-AF57-32A2C47CDBA0','DHT22',0,0,'3AF35BE7-5270-49E8-B8E9-C714FFB92307','7D3AB857-59BC-48E6-8019-7B1D5BA29F41')
,('91D88EFE-9D50-44E3-82BC-353513857DC9','Türe rechts',1,0,'627B8097-2D09-4D77-BFD9-620B9C5451F5','DF8A8841-C8E1-438C-982C-77D141EF1D80')
,('50BB6D22-CAE0-4767-B129-37449AC53A67','Fenster rechts',1,0,'627B8097-2D09-4D77-BFD9-620B9C5451F5','DF8A8841-C8E1-438C-982C-77D141EF1D80')
,('EC80C083-7A60-40D3-9AF5-4775AE0CBEFD','Ventil',0,0,'934CE8D3-0DB9-4279-92BE-91997C49BBD8','DF8A8841-C8E1-438C-982C-77D141EF1D80')
,('C912D681-25F6-4562-BC3D-54A9FA04E5E5','Fenster links',1,0,'627B8097-2D09-4D77-BFD9-620B9C5451F5','0AD9B7A6-F1C5-46FB-844D-257E6B587106')
,('777CECC4-C140-477D-BD94-5A0A611F47FC','SDS011',0,0,'02A96032-2C2E-4B05-BE17-83A9D03250F4','7D3AB857-59BC-48E6-8019-7B1D5BA29F41')
,('C928D913-67CD-47C6-8C09-5D8B17531D79','Temperatur',100,0,'934CE8D3-0DB9-4279-92BE-91997C49BBD8','DF8A8841-C8E1-438C-982C-77D141EF1D80')
,('516C6AB3-E615-462E-8718-63FD85220D6A','BMP180',0,0,'DB5F325C-FE3C-4EBD-98E5-D55AD29E411F','7D3AB857-59BC-48E6-8019-7B1D5BA29F41')
,('78E8A6CB-FFB1-41E7-A5CA-65C9C5F06983','Türe links',1,0,'627B8097-2D09-4D77-BFD9-620B9C5451F5','DF8A8841-C8E1-438C-982C-77D141EF1D80')
,('9AF4EED9-8E8D-4AFA-A015-6A2CCB4673A3','Fenster',1,0,'627B8097-2D09-4D77-BFD9-620B9C5451F5','0AF80ED8-BB47-4E78-8D8A-803048253ED0')
;
INSERT INTO Measure.dbo.MeasurePoints (Id,Display,Max,Min,Unit,Location) VALUES 
('6EF4C26F-0F36-44FE-9291-6EC8B4D0E694','Fenster rechts',1,0,'B5D104E2-F70D-4479-8106-729F346E458E','CBED0495-14CF-4192-962F-2D05ED82059F')
,('FB43A587-8251-4EA1-97B2-6F2F702952A6','SDS011',0,0,'1BF8EF7B-EA04-403F-A67B-88B472C10145','7D3AB857-59BC-48E6-8019-7B1D5BA29F41')
,('AE3DC5E7-15CC-48A6-8BC6-755B57A140A3','Fenster rechts',1,0,'544A6BB4-7733-4238-B625-16936CE7735A','CBED0495-14CF-4192-962F-2D05ED82059F')
,('B0F96C9C-F6FD-44C6-8AF0-7FB79804BD04','Fenster links',1,0,'627B8097-2D09-4D77-BFD9-620B9C5451F5','CBED0495-14CF-4192-962F-2D05ED82059F')
,('B678C510-9306-4B54-B426-8D81536CCC86','Türe rechts',1,0,'B5D104E2-F70D-4479-8106-729F346E458E','DF8A8841-C8E1-438C-982C-77D141EF1D80')
,('38F5700F-1DFC-483E-8320-8F44BE26B251','Helligkeit',255,0,'86B0DC19-1CA5-41D7-BAF6-30B4B21D7931','7D3AB857-59BC-48E6-8019-7B1D5BA29F41')
,('6ECB2AFB-95E0-4E86-911C-9628F453CCA7','Luftfeuchte',100,0,'3AF35BE7-5270-49E8-B8E9-C714FFB92307','DF8A8841-C8E1-438C-982C-77D141EF1D80')
,('8F6648C0-2774-4F27-AD7E-96777555EACC','Stromzähler TV',0,0,'52356656-C6A0-4C06-A585-BA8C0E97750E','DF8A8841-C8E1-438C-982C-77D141EF1D80')
,('AF6B9D7D-5346-45DE-9947-974ED1A04B74','Fenster rechts',1,0,'B5D104E2-F70D-4479-8106-729F346E458E','DF8A8841-C8E1-438C-982C-77D141EF1D80')
,('A862865D-CA15-4EFD-B208-9A5D3B6C1C9B','WiFi',0,0,'4A9CB404-1193-45BC-8C52-AFC708EA2F9B','7D3AB857-59BC-48E6-8019-7B1D5BA29F41')
;
INSERT INTO Measure.dbo.MeasurePoints (Id,Display,Max,Min,Unit,Location) VALUES 
('032B23E9-1D79-45DB-8FED-A0AC9B1196AC','Fenster rechts',1,0,'544A6BB4-7733-4238-B625-16936CE7735A','DF8A8841-C8E1-438C-982C-77D141EF1D80')
,('FB54636E-07AD-48EE-A4A8-A1B3C971B195','Fenster links',1,0,'B5D104E2-F70D-4479-8106-729F346E458E','0AD9B7A6-F1C5-46FB-844D-257E6B587106')
,('BEB93B25-212D-4AD1-8BE8-ACBD8B8894C9','Fenster rechts',1,0,'627B8097-2D09-4D77-BFD9-620B9C5451F5','0AD9B7A6-F1C5-46FB-844D-257E6B587106')
,('2003DDAA-A695-46E0-85A5-AE67E20F5D1E','Fenster links',1,0,'544A6BB4-7733-4238-B625-16936CE7735A','DF8A8841-C8E1-438C-982C-77D141EF1D80')
,('6B07766C-5AD1-48AE-8B28-AFBA0CFE19EF','Licht Decke',1,0,'574EFEB5-A708-46CD-A33F-C1CC6655DB55','DF8A8841-C8E1-438C-982C-77D141EF1D80')
,('AAA6D5BA-0517-485E-AC68-C01C4A3435AB','Fenster links',1,0,'B5D104E2-F70D-4479-8106-729F346E458E','DF8A8841-C8E1-438C-982C-77D141EF1D80')
,('70675A80-CF71-4C1C-B812-C28899CED2F2','Türe links',1,0,'B5D104E2-F70D-4479-8106-729F346E458E','DF8A8841-C8E1-438C-982C-77D141EF1D80')
,('CCC55F5C-C2DF-4D39-B5D0-C7EE050A1113','WiFi',0,0,'D079A693-4835-4BC1-BD6B-879485EB2174','7D3AB857-59BC-48E6-8019-7B1D5BA29F41')
,('B30221EE-6C56-4BD9-A9EC-D412C982D867','Stromzähler',0,0,'52356656-C6A0-4C06-A585-BA8C0E97750E','08932E10-CC40-4169-ABB9-134374970031')
,('84E2803E-5C95-4126-999E-D508CD41A47B','WiFi',0,0,'8CFF8D7B-00DB-42B2-B78D-057DAB5B5695','7D3AB857-59BC-48E6-8019-7B1D5BA29F41')
;
INSERT INTO Measure.dbo.MeasurePoints (Id,Display,Max,Min,Unit,Location) VALUES 
('A04C9CF8-07CA-42C5-A9A6-DC6D7004F8F1','Ventil Bad',100,0,'FC36426D-05AD-4837-BF78-C415D0705442','0AF80ED8-BB47-4E78-8D8A-803048253ED0')
,('02D26C0B-15FB-4C61-8105-DCFFF5D78E19','Fenster links',1,0,'544A6BB4-7733-4238-B625-16936CE7735A','CBED0495-14CF-4192-962F-2D05ED82059F')
,('C70334D8-6C77-46EB-9384-E7A51BAEF17B','WiFi',0,0,'6A13BD82-9B1D-4E22-B836-9A701C6D648D','7D3AB857-59BC-48E6-8019-7B1D5BA29F41')
,('6E78294C-0AB6-4E71-A790-EA099D0693A6','DHT22',0,0,'934CE8D3-0DB9-4279-92BE-91997C49BBD8','7D3AB857-59BC-48E6-8019-7B1D5BA29F41')
,('F6CF4A57-300E-4ED8-AF71-EF834DE2D111','WiFi',0,0,'D079A693-4835-4BC1-BD6B-879485EB2174','7D3AB857-59BC-48E6-8019-7B1D5BA29F41')
,('41E72BF8-D3FE-44E4-805E-F0778DE87035','Fenster',1,0,'544A6BB4-7733-4238-B625-16936CE7735A','0AF80ED8-BB47-4E78-8D8A-803048253ED0')
,('0F759D83-F17D-4600-BB46-F4281BCB3C5F','Türe links',1,0,'544A6BB4-7733-4238-B625-16936CE7735A','DF8A8841-C8E1-438C-982C-77D141EF1D80')
,('EB32A844-BD21-498E-8E50-F7EE9DE9C024','Ventil Bad',0,0,'934CE8D3-0DB9-4279-92BE-91997C49BBD8','0AF80ED8-BB47-4E78-8D8A-803048253ED0')
,('86FDF1EF-C990-43B3-829F-FB770DDDB580','Fenster rechts',1,0,'544A6BB4-7733-4238-B625-16936CE7735A','0AD9B7A6-F1C5-46FB-844D-257E6B587106')
;
INSERT INTO Measure.dbo.BatteryStates (Id,[Timestamp],State,Point) VALUES 
('33B55063-B166-495E-8440-02BF40802099','2019-03-19 11:00:00 +00:00',0,'86FDF1EF-C990-43B3-829F-FB770DDDB580')
,('2500741C-4F77-420C-BB31-128FC868409B','2019-03-19 11:00:00 +00:00',0,'0F759D83-F17D-4600-BB46-F4281BCB3C5F')
,('02B2A124-FC09-4C53-9A81-203662B536C7','2019-03-19 11:00:00 +00:00',0,'C912D681-25F6-4562-BC3D-54A9FA04E5E5')
,('E4C072A3-EE56-4FE2-8889-22B220634E63','2019-03-19 11:00:00 +00:00',0,'032B23E9-1D79-45DB-8FED-A0AC9B1196AC')
,('9921D98F-44AB-420A-A75B-77C36FDDC7E1','2019-03-19 11:00:00 +00:00',0,'78E8A6CB-FFB1-41E7-A5CA-65C9C5F06983')
,('031A8C58-E0F9-4B52-ACA5-940695BD2B69','2019-03-19 11:00:00 +00:00',0,'FC7BDD17-ECB3-4A90-9FBC-1A8922BAB0F5')
,('B9694AB6-E2A4-46C0-952F-BB6DB3B0552F','2019-03-19 11:00:00 +00:00',0,'41E72BF8-D3FE-44E4-805E-F0778DE87035')
,('6FFA31AD-2D86-4FD4-AE70-EFC2D98508D4','2019-03-19 11:00:00 +00:00',0,'02D26C0B-15FB-4C61-8105-DCFFF5D78E19')
,('F6F19B0A-5D88-4E1D-9459-FBCCD514EC8C','2019-03-19 11:00:00 +00:00',0,'AE3DC5E7-15CC-48A6-8BC6-755B57A140A3')
;